<?xml version="1.0" encoding="UTF-8"?>
<root>
  <item name="com.ashokvarma.bottomnavigation.behaviour.BottomVerticalScrollBehavior boolean onNestedDirectionFling(android.support.design.widget.CoordinatorLayout, V, android.view.View, float, float, boolean, int) 6">
    <annotation name="android.support.annotation.IntDef">
      <val name="value" val="{com.ashokvarma.bottomnavigation.behaviour.VerticalScrollingBehavior.ScrollDirection.SCROLL_DIRECTION_UP, com.ashokvarma.bottomnavigation.behaviour.VerticalScrollingBehavior.ScrollDirection.SCROLL_DIRECTION_DOWN}" />
    </annotation>
  </item>
  <item name="com.ashokvarma.bottomnavigation.behaviour.BottomVerticalScrollBehavior void onNestedVerticalPreScroll(android.support.design.widget.CoordinatorLayout, V, android.view.View, int, int, int[], int) 6">
    <annotation name="android.support.annotation.IntDef">
      <val name="value" val="{com.ashokvarma.bottomnavigation.behaviour.VerticalScrollingBehavior.ScrollDirection.SCROLL_DIRECTION_UP, com.ashokvarma.bottomnavigation.behaviour.VerticalScrollingBehavior.ScrollDirection.SCROLL_DIRECTION_DOWN}" />
    </annotation>
  </item>
  <item name="com.ashokvarma.bottomnavigation.behaviour.BottomVerticalScrollBehavior void onNestedVerticalScrollConsumed(android.support.design.widget.CoordinatorLayout, V, int, int, int) 2">
    <annotation name="android.support.annotation.IntDef">
      <val name="value" val="{com.ashokvarma.bottomnavigation.behaviour.VerticalScrollingBehavior.ScrollDirection.SCROLL_DIRECTION_UP, com.ashokvarma.bottomnavigation.behaviour.VerticalScrollingBehavior.ScrollDirection.SCROLL_DIRECTION_DOWN}" />
    </annotation>
  </item>
  <item name="com.ashokvarma.bottomnavigation.behaviour.BottomVerticalScrollBehavior void onNestedVerticalScrollUnconsumed(android.support.design.widget.CoordinatorLayout, V, int, int, int) 2">
    <annotation name="android.support.annotation.IntDef">
      <val name="value" val="{com.ashokvarma.bottomnavigation.behaviour.VerticalScrollingBehavior.ScrollDirection.SCROLL_DIRECTION_UP, com.ashokvarma.bottomnavigation.behaviour.VerticalScrollingBehavior.ScrollDirection.SCROLL_DIRECTION_DOWN}" />
    </annotation>
  </item>
  <item name="com.ashokvarma.bottomnavigation.behaviour.VerticalScrollingBehavior boolean onNestedDirectionFling(android.support.design.widget.CoordinatorLayout, V, android.view.View, float, float, boolean, int) 6">
    <annotation name="android.support.annotation.IntDef">
      <val name="value" val="{com.ashokvarma.bottomnavigation.behaviour.VerticalScrollingBehavior.ScrollDirection.SCROLL_DIRECTION_UP, com.ashokvarma.bottomnavigation.behaviour.VerticalScrollingBehavior.ScrollDirection.SCROLL_DIRECTION_DOWN}" />
    </annotation>
  </item>
  <item name="com.ashokvarma.bottomnavigation.behaviour.VerticalScrollingBehavior int getConsumedScrollDirection()">
    <annotation name="android.support.annotation.IntDef">
      <val name="value" val="{com.ashokvarma.bottomnavigation.behaviour.VerticalScrollingBehavior.ScrollDirection.SCROLL_DIRECTION_UP, com.ashokvarma.bottomnavigation.behaviour.VerticalScrollingBehavior.ScrollDirection.SCROLL_DIRECTION_DOWN}" />
    </annotation>
  </item>
  <item name="com.ashokvarma.bottomnavigation.behaviour.VerticalScrollingBehavior int getPreScrollDirection()">
    <annotation name="android.support.annotation.IntDef">
      <val name="value" val="{com.ashokvarma.bottomnavigation.behaviour.VerticalScrollingBehavior.ScrollDirection.SCROLL_DIRECTION_UP, com.ashokvarma.bottomnavigation.behaviour.VerticalScrollingBehavior.ScrollDirection.SCROLL_DIRECTION_DOWN}" />
    </annotation>
  </item>
  <item name="com.ashokvarma.bottomnavigation.behaviour.VerticalScrollingBehavior int getScrollDirection()">
    <annotation name="android.support.annotation.IntDef">
      <val name="value" val="{com.ashokvarma.bottomnavigation.behaviour.VerticalScrollingBehavior.ScrollDirection.SCROLL_DIRECTION_UP, com.ashokvarma.bottomnavigation.behaviour.VerticalScrollingBehavior.ScrollDirection.SCROLL_DIRECTION_DOWN}" />
    </annotation>
  </item>
  <item name="com.ashokvarma.bottomnavigation.behaviour.VerticalScrollingBehavior mConsumedScrollDirection">
    <annotation name="android.support.annotation.IntDef">
      <val name="value" val="{com.ashokvarma.bottomnavigation.behaviour.VerticalScrollingBehavior.ScrollDirection.SCROLL_DIRECTION_UP, com.ashokvarma.bottomnavigation.behaviour.VerticalScrollingBehavior.ScrollDirection.SCROLL_DIRECTION_DOWN}" />
    </annotation>
  </item>
  <item name="com.ashokvarma.bottomnavigation.behaviour.VerticalScrollingBehavior mPreScrollDirection">
    <annotation name="android.support.annotation.IntDef">
      <val name="value" val="{com.ashokvarma.bottomnavigation.behaviour.VerticalScrollingBehavior.ScrollDirection.SCROLL_DIRECTION_UP, com.ashokvarma.bottomnavigation.behaviour.VerticalScrollingBehavior.ScrollDirection.SCROLL_DIRECTION_DOWN}" />
    </annotation>
  </item>
  <item name="com.ashokvarma.bottomnavigation.behaviour.VerticalScrollingBehavior mScrollDirection">
    <annotation name="android.support.annotation.IntDef">
      <val name="value" val="{com.ashokvarma.bottomnavigation.behaviour.VerticalScrollingBehavior.ScrollDirection.SCROLL_DIRECTION_UP, com.ashokvarma.bottomnavigation.behaviour.VerticalScrollingBehavior.ScrollDirection.SCROLL_DIRECTION_DOWN}" />
    </annotation>
  </item>
  <item name="com.ashokvarma.bottomnavigation.behaviour.VerticalScrollingBehavior void onNestedVerticalPreScroll(android.support.design.widget.CoordinatorLayout, V, android.view.View, int, int, int[], int) 6">
    <annotation name="android.support.annotation.IntDef">
      <val name="value" val="{com.ashokvarma.bottomnavigation.behaviour.VerticalScrollingBehavior.ScrollDirection.SCROLL_DIRECTION_UP, com.ashokvarma.bottomnavigation.behaviour.VerticalScrollingBehavior.ScrollDirection.SCROLL_DIRECTION_DOWN}" />
    </annotation>
  </item>
  <item name="com.ashokvarma.bottomnavigation.behaviour.VerticalScrollingBehavior void onNestedVerticalScrollConsumed(android.support.design.widget.CoordinatorLayout, V, int, int, int) 2">
    <annotation name="android.support.annotation.IntDef">
      <val name="value" val="{com.ashokvarma.bottomnavigation.behaviour.VerticalScrollingBehavior.ScrollDirection.SCROLL_DIRECTION_UP, com.ashokvarma.bottomnavigation.behaviour.VerticalScrollingBehavior.ScrollDirection.SCROLL_DIRECTION_DOWN}" />
    </annotation>
  </item>
  <item name="com.ashokvarma.bottomnavigation.behaviour.VerticalScrollingBehavior void onNestedVerticalScrollUnconsumed(android.support.design.widget.CoordinatorLayout, V, int, int, int) 2">
    <annotation name="android.support.annotation.IntDef">
      <val name="value" val="{com.ashokvarma.bottomnavigation.behaviour.VerticalScrollingBehavior.ScrollDirection.SCROLL_DIRECTION_UP, com.ashokvarma.bottomnavigation.behaviour.VerticalScrollingBehavior.ScrollDirection.SCROLL_DIRECTION_DOWN}" />
    </annotation>
  </item>
  <item name="com.ashokvarma.bottomnavigation.behaviour.VerticalScrollingBehavior.ScrollDirection">
    <annotation name="android.support.annotation.IntDef">
      <val name="value" val="{com.ashokvarma.bottomnavigation.behaviour.VerticalScrollingBehavior.ScrollDirection.SCROLL_DIRECTION_UP, com.ashokvarma.bottomnavigation.behaviour.VerticalScrollingBehavior.ScrollDirection.SCROLL_DIRECTION_DOWN}" />
    </annotation>
  </item>
</root>

