<?xml version="1.0" encoding="UTF-8"?>
<root>
  <item name="com.ashokvarma.bottomnavigation.BottomNavigationBar com.ashokvarma.bottomnavigation.BottomNavigationBar setBackgroundStyle(int) 0">
    <annotation name="android.support.annotation.IntDef">
      <val name="value" val="{com.ashokvarma.bottomnavigation.BottomNavigationBar.BACKGROUND_STYLE_DEFAULT, com.ashokvarma.bottomnavigation.BottomNavigationBar.BACKGROUND_STYLE_STATIC, com.ashokvarma.bottomnavigation.BottomNavigationBar.BACKGROUND_STYLE_RIPPLE}" />
    </annotation>
  </item>
  <item name="com.ashokvarma.bottomnavigation.BottomNavigationBar com.ashokvarma.bottomnavigation.BottomNavigationBar setMode(int) 0">
    <annotation name="android.support.annotation.IntDef">
      <val name="value" val="{com.ashokvarma.bottomnavigation.BottomNavigationBar.MODE_DEFAULT, com.ashokvarma.bottomnavigation.BottomNavigationBar.MODE_FIXED, com.ashokvarma.bottomnavigation.BottomNavigationBar.MODE_SHIFTING, com.ashokvarma.bottomnavigation.BottomNavigationBar.MODE_FIXED_NO_TITLE, com.ashokvarma.bottomnavigation.BottomNavigationBar.MODE_SHIFTING_NO_TITLE}" />
    </annotation>
  </item>
  <item name="com.ashokvarma.bottomnavigation.BottomNavigationBar mBackgroundStyle">
    <annotation name="android.support.annotation.IntDef">
      <val name="value" val="{com.ashokvarma.bottomnavigation.BottomNavigationBar.BACKGROUND_STYLE_DEFAULT, com.ashokvarma.bottomnavigation.BottomNavigationBar.BACKGROUND_STYLE_STATIC, com.ashokvarma.bottomnavigation.BottomNavigationBar.BACKGROUND_STYLE_RIPPLE}" />
    </annotation>
  </item>
  <item name="com.ashokvarma.bottomnavigation.BottomNavigationBar mMode">
    <annotation name="android.support.annotation.IntDef">
      <val name="value" val="{com.ashokvarma.bottomnavigation.BottomNavigationBar.MODE_DEFAULT, com.ashokvarma.bottomnavigation.BottomNavigationBar.MODE_FIXED, com.ashokvarma.bottomnavigation.BottomNavigationBar.MODE_SHIFTING, com.ashokvarma.bottomnavigation.BottomNavigationBar.MODE_FIXED_NO_TITLE, com.ashokvarma.bottomnavigation.BottomNavigationBar.MODE_SHIFTING_NO_TITLE}" />
    </annotation>
  </item>
  <item name="com.ashokvarma.bottomnavigation.BottomNavigationBar void setFab(android.support.design.widget.FloatingActionButton, int) 1">
    <annotation name="android.support.annotation.IntDef">
      <val name="value" val="{com.ashokvarma.bottomnavigation.BottomNavigationBar.FAB_BEHAVIOUR_TRANSLATE_AND_STICK, com.ashokvarma.bottomnavigation.BottomNavigationBar.FAB_BEHAVIOUR_DISAPPEAR, com.ashokvarma.bottomnavigation.BottomNavigationBar.FAB_BEHAVIOUR_TRANSLATE_OUT}" />
    </annotation>
  </item>
  <item name="com.ashokvarma.bottomnavigation.ShapeBadgeItem com.ashokvarma.bottomnavigation.ShapeBadgeItem setShape(int) 0">
    <annotation name="android.support.annotation.IntDef">
      <val name="value" val="{com.ashokvarma.bottomnavigation.ShapeBadgeItem.SHAPE_OVAL, com.ashokvarma.bottomnavigation.ShapeBadgeItem.SHAPE_RECTANGLE, com.ashokvarma.bottomnavigation.ShapeBadgeItem.SHAPE_HEART, com.ashokvarma.bottomnavigation.ShapeBadgeItem.SHAPE_STAR_3_VERTICES, com.ashokvarma.bottomnavigation.ShapeBadgeItem.SHAPE_STAR_4_VERTICES, com.ashokvarma.bottomnavigation.ShapeBadgeItem.SHAPE_STAR_5_VERTICES, com.ashokvarma.bottomnavigation.ShapeBadgeItem.SHAPE_STAR_6_VERTICES}" />
    </annotation>
  </item>
  <item name="com.ashokvarma.bottomnavigation.ShapeBadgeItem mShape">
    <annotation name="android.support.annotation.IntDef">
      <val name="value" val="{com.ashokvarma.bottomnavigation.ShapeBadgeItem.SHAPE_OVAL, com.ashokvarma.bottomnavigation.ShapeBadgeItem.SHAPE_RECTANGLE, com.ashokvarma.bottomnavigation.ShapeBadgeItem.SHAPE_HEART, com.ashokvarma.bottomnavigation.ShapeBadgeItem.SHAPE_STAR_3_VERTICES, com.ashokvarma.bottomnavigation.ShapeBadgeItem.SHAPE_STAR_4_VERTICES, com.ashokvarma.bottomnavigation.ShapeBadgeItem.SHAPE_STAR_5_VERTICES, com.ashokvarma.bottomnavigation.ShapeBadgeItem.SHAPE_STAR_6_VERTICES}" />
    </annotation>
  </item>
</root>

